,FileName
0,raw/health/2021/01/22/Bluebutton-bluebutton/Coverage/-/-/53095010/2020-11-09-22.50.05_2020-11-09-22.50.05-56c2563a51389cd9eb93d105e5c2af5d.link
1,raw/health/2021/01/22/Bluebutton-bluebutton/Coverage/-/-/53095010/2020-11-09-22.50.05_2020-11-09-22.50.05-56c2563a51389cd9eb93d105e5c2af5d12.link
2,raw/health/2021/01/22/Bluebutton-bluebutton/Coverage/-/-/53095010/2020-11-09-22.50.05_2020-11-09-22.50.05-56c2563a51389cd9eb93d105e5c2af5d13.link
3,raw/health/2021/01/22/Bluebutton-bluebutton/Coverage/-/-/53095010/2020-11-09-22.50.05_2020-11-09-22.50.05-56c2563a51389cd9eb93d105e5c2af5d14.link
4,raw/health/2021/01/22/Bluebutton-bluebutton/Coverage/-/-/53095010/2020-11-09-22.50.05_2020-11-09-22.50.05-56c2563a51389cd9eb93d105e5c2af5d15.link
5,raw/health/2021/01/22/Bluebutton-bluebutton/Coverage/-/-/53095010/2020-11-09-22.50.05_2020-11-09-22.50.05-56c2563a51389cd9eb93d105e5c2af5d16.link
6,raw/health/2021/01/22/Bluebutton-bluebutton/Coverage/-/-/53095010/2020-11-09-22.50.05_2020-11-09-22.50.05-56c2563a51389cd9eb93d105e5c2af5d17.link
7,raw/health/2021/01/22/Bluebutton-bluebutton/Coverage/-/-/53095010/2020-11-09-22.50.05_2020-11-09-22.50.05-56c2563a51389cd9eb93d105e5c2af5d18.link
8,raw/health/2021/01/22/Bluebutton-bluebutton/Coverage/-/-/53095010/2020-11-09-22.50.05_2020-11-09-22.50.05-56c2563a51389cd9eb93d105e5c2af5d19.link
9,raw/health/2021/01/22/Bluebutton-bluebutton/Coverage/-/-/53095010/2020-11-09-22.50.05_2020-11-09-22.50.05-56c2563a51389cd9eb93d105e5c2af5d20.link
10,raw/health/2021/01/22/Bluebutton-bluebutton/Coverage/-/-/53095010/2020-11-09-22.50.05_2020-11-09-22.50.05-56c2563a51389cd9eb93d105e5c2af5d21.link
11,raw/health/2021/01/22/Bluebutton-bluebutton/Coverage/-/-/53095010/2020-11-09-22.50.05_2020-11-09-22.50.05-56c2563a51389cd9eb93d105e5c2af5d22.link
12,raw/health/2021/01/22/Bluebutton-bluebutton/Coverage/-/-/53095010/2020-11-09-22.50.05_2020-11-09-22.50.05-56c2563a51389cd9eb93d105e5c2af5d23.link
13,raw/health/2021/01/22/Bluebutton-bluebutton/Coverage/-/-/53095010/2020-11-09-22.50.05_2020-11-09-22.50.05-56c2563a51389cd9eb93d105e5c2af5d25.link
14,raw/health/2021/01/22/Bluebutton-bluebutton/Coverage/-/-/53095010/2020-11-09-22.50.05_2020-11-09-22.50.05-56c2563a51389cd9eb93d105e5c2af5d26.link
15,raw/health/2021/01/22/Bluebutton-bluebutton/Coverage/-/-/53095010/2020-11-09-22.50.05_2020-11-09-22.50.05-56c2563a51389cd9eb93d105e5c2af5d27.link
16,raw/health/2021/01/22/Bluebutton-bluebutton/Coverage/-/-/53095010/2020-11-09-22.50.05_2020-11-09-22.50.05-56c2563a51389cd9eb93d105e5c2af5d28.link
17,raw/health/2021/01/22/Bluebutton-bluebutton/Coverage/-/-/53095010/2020-11-09-22.50.05_2020-11-09-22.50.05-56c2563a51389cd9eb93d105e5c2af5d29.link
18,raw/health/2021/01/22/Bluebutton-bluebutton/Coverage/-/-/53095010/2020-11-09-22.50.05_2020-11-09-22.50.05-56c2563a51389cd9eb93d105e5c2af5d30.link
19,raw/health/2021/01/22/Bluebutton-bluebutton/Coverage/-/-/53095010/2020-11-09-22.50.05_2020-11-09-22.50.05-56c2563a51389cd9eb93d105e5c2af5d31.link
20,raw/health/2021/01/22/Bluebutton-bluebutton/Coverage/-/-/53095010/2020-11-09-22.50.05_2020-11-09-22.50.05-56c2563a51389cd9eb93d105e5c2af5d32.link
21,raw/health/2021/01/22/Bluebutton-bluebutton/Coverage/-/-/53095010/2020-11-09-22.50.05_2020-11-09-22.50.05-56c2563a51389cd9eb93d105e5c2af5d33.link
22,raw/health/2021/01/22/Bluebutton-bluebutton/Coverage/-/-/53095010/2020-11-09-22.50.05_2020-11-09-22.50.05-56c2563a51389cd9eb93d105e5c2af5d34.link
23,raw/health/2021/01/22/Bluebutton-bluebutton/Coverage/-/-/53095010/2020-11-09-22.50.05_2020-11-09-22.50.05-56c2563a51389cd9eb93d105e5c2af5d35.link
24,raw/health/2021/01/22/Bluebutton-bluebutton/Coverage/-/-/53095010/2020-11-09-22.50.05_2020-11-09-22.50.05-56c2563a51389cd9eb93d105e5c2af5d36.link
25,raw/health/2021/01/22/Bluebutton-bluebutton/Coverage/-/-/53095010/2020-11-09-22.50.05_2020-11-09-22.50.05-56c2563a51389cd9eb93d105e5c2af5d37.link
26,raw/health/2021/01/22/Bluebutton-bluebutton/Coverage/-/-/53095010/2020-11-09-22.50.05_2020-11-09-22.50.05-56c2563a51389cd9eb93d105e5c2af5d38.link
27,raw/health/2021/01/22/Bluebutton-bluebutton/Coverage/-/-/53095010/2020-11-09-22.50.05_2020-11-09-22.50.05-56c2563a51389cd9eb93d105e5c2af5d39.link
28,raw/health/2021/01/22/Bluebutton-bluebutton/Coverage/-/-/53095010/2020-11-09-22.50.05_2020-11-09-22.50.05-56c2563a51389cd9eb93d105e5c2af5d40.link
29,raw/health/2021/01/22/Bluebutton-bluebutton/Coverage/-/-/53095010/2020-11-09-22.50.05_2020-11-09-22.50.05-56c2563a51389cd9eb93d105e5c2af5d41.link
30,raw/health/2021/01/22/Bluebutton-bluebutton/Coverage/-/-/53095010/2020-11-09-22.50.05_2020-11-09-22.50.05-56c2563a51389cd9eb93d105e5c2af5d42.link
31,raw/health/2021/01/22/Bluebutton-bluebutton/Coverage/-/-/53095010/2020-11-09-22.50.05_2020-11-09-22.50.05-56c2563a51389cd9eb93d105e5c2af5d43.link
